,CorrectAnswer,AnswerTime,cluster,Degree
974,20,181.2,0,Unsuccessful
834,57,211.1,0,Unsuccessful
833,60,245.5,0,Unsuccessful
832,55,231.1,0,Unsuccessful
831,59,245.4,0,Unsuccessful
830,57,233.3,0,Unsuccessful
829,52,242.5,0,Unsuccessful
828,60,233.1,0,Unsuccessful
827,60,231.0,0,Unsuccessful
826,57,244.2,0,Unsuccessful
825,55,230.6,0,Unsuccessful
824,53,238.3,0,Unsuccessful
823,52,241.5,0,Unsuccessful
822,55,242.0,0,Unsuccessful
821,55,246.2,0,Unsuccessful
820,51,247.9,0,Unsuccessful
819,50,230.2,0,Unsuccessful
818,50,259.3,0,Unsuccessful
835,54,211.4,0,Unsuccessful
836,59,221.4,0,Unsuccessful
837,60,201.4,0,Unsuccessful
838,54,221.0,0,Unsuccessful
856,49,252.8,0,Unsuccessful
855,41,262.8,0,Unsuccessful
854,47,256.5,0,Unsuccessful
853,46,276.0,0,Unsuccessful
852,42,277.9,0,Unsuccessful
851,44,284.0,0,Unsuccessful
850,42,272.7,0,Unsuccessful
849,49,267.4,0,Unsuccessful
817,52,259.0,0,Unsuccessful
848,52,194.2,0,Unsuccessful
846,50,182.6,0,Unsuccessful
845,51,195.1,0,Unsuccessful
844,51,189.6,0,Unsuccessful
843,52,218.9,0,Unsuccessful
842,58,215.1,0,Unsuccessful
841,59,206.2,0,Unsuccessful
840,55,221.3,0,Unsuccessful
839,53,201.6,0,Unsuccessful
847,55,182.9,0,Unsuccessful
857,45,261.6,0,Unsuccessful
816,57,254.8,0,Unsuccessful
814,50,252.7,0,Unsuccessful
791,65,223.3,0,Unsuccessful
790,62,203.5,0,Unsuccessful
789,61,206.5,0,Unsuccessful
788,65,224.9,0,Unsuccessful
787,64,224.2,0,Unsuccessful
786,66,208.2,0,Unsuccessful
785,68,202.5,0,Unsuccessful
784,61,220.7,0,Unsuccessful
783,63,241.0,0,Unsuccessful
782,68,235.3,0,Unsuccessful
781,68,226.0,0,Unsuccessful
780,61,243.9,0,Unsuccessful
779,65,232.8,0,Unsuccessful
778,70,226.2,0,Unsuccessful
777,70,246.9,0,Unsuccessful
776,69,240.8,0,Unsuccessful
775,64,246.5,0,Unsuccessful
792,62,208.8,0,Unsuccessful
793,67,205.6,0,Unsuccessful
794,65,187.7,0,Unsuccessful
795,68,199.9,0,Unsuccessful
813,52,264.1,0,Unsuccessful
812,54,262.1,0,Unsuccessful
811,50,253.9,0,Unsuccessful
810,53,260.5,0,Unsuccessful
809,58,253.8,0,Unsuccessful
808,58,281.2,0,Unsuccessful
807,56,282.0,0,Unsuccessful
806,53,271.8,0,Unsuccessful
815,53,254.3,0,Unsuccessful
805,51,278.7,0,Unsuccessful
803,59,274.1,0,Unsuccessful
802,59,268.3,0,Unsuccessful
801,57,265.5,0,Unsuccessful
800,57,281.5,0,Unsuccessful
799,58,269.9,0,Unsuccessful
798,67,190.8,0,Unsuccessful
797,64,181.5,0,Unsuccessful
796,70,187.7,0,Unsuccessful
804,50,265.8,0,Unsuccessful
774,61,242.5,0,Unsuccessful
858,42,257.0,0,Unsuccessful
860,44,252.6,0,Unsuccessful
920,39,221.3,0,Unsuccessful
919,36,201.4,0,Unsuccessful
918,39,238.9,0,Unsuccessful
917,35,233.9,0,Unsuccessful
916,39,242.5,0,Unsuccessful
915,39,236.4,0,Unsuccessful
914,37,234.4,0,Unsuccessful
913,39,225.7,0,Unsuccessful
912,37,244.5,0,Unsuccessful
911,33,236.4,0,Unsuccessful
910,32,246.3,0,Unsuccessful
909,31,234.3,0,Unsuccessful
908,39,242.2,0,Unsuccessful
907,34,248.1,0,Unsuccessful
906,32,242.2,0,Unsuccessful
905,40,244.1,0,Unsuccessful
904,35,243.8,0,Unsuccessful
921,39,200.4,0,Unsuccessful
922,33,218.1,0,Unsuccessful
923,35,217.4,0,Unsuccessful
924,30,212.9,0,Unsuccessful
942,37,194.1,0,Unsuccessful
941,36,192.9,0,Unsuccessful
940,35,190.6,0,Unsuccessful
939,35,198.9,0,Unsuccessful
938,33,186.9,0,Unsuccessful
937,38,180.8,0,Unsuccessful
936,37,185.2,0,Unsuccessful
935,31,190.8,0,Unsuccessful
903,33,256.3,0,Unsuccessful
934,38,184.5,0,Unsuccessful
932,39,220.7,0,Unsuccessful
931,35,205.7,0,Unsuccessful
930,40,214.2,0,Unsuccessful
929,37,205.0,0,Unsuccessful
928,38,223.3,0,Unsuccessful
927,35,207.1,0,Unsuccessful
926,33,205.8,0,Unsuccessful
925,40,202.3,0,Unsuccessful
933,31,212.0,0,Unsuccessful
859,49,259.3,0,Unsuccessful
902,37,279.5,0,Unsuccessful
900,37,255.5,0,Unsuccessful
877,40,217.8,0,Unsuccessful
876,47,223.0,0,Unsuccessful
875,45,208.3,0,Unsuccessful
874,45,205.0,0,Unsuccessful
873,48,245.4,0,Unsuccessful
872,46,229.4,0,Unsuccessful
871,49,248.7,0,Unsuccessful
870,50,242.6,0,Unsuccessful
869,45,225.3,0,Unsuccessful
868,42,236.0,0,Unsuccessful
867,49,247.4,0,Unsuccessful
866,43,240.8,0,Unsuccessful
865,48,248.0,0,Unsuccessful
864,46,244.6,0,Unsuccessful
863,46,264.0,0,Unsuccessful
862,40,250.8,0,Unsuccessful
861,44,262.4,0,Unsuccessful
878,46,212.9,0,Unsuccessful
879,46,221.0,0,Unsuccessful
880,43,210.3,0,Unsuccessful
881,43,223.2,0,Unsuccessful
899,38,265.3,0,Unsuccessful
898,49,174.9,0,Unsuccessful
897,44,172.5,0,Unsuccessful
896,40,178.8,0,Unsuccessful
895,41,172.9,0,Unsuccessful
894,41,176.7,0,Unsuccessful
893,46,181.7,0,Unsuccessful
892,46,198.2,0,Unsuccessful
901,31,263.5,0,Unsuccessful
891,44,193.1,0,Unsuccessful
889,47,193.1,0,Unsuccessful
888,43,203.9,0,Unsuccessful
887,49,206.7,0,Unsuccessful
886,47,210.0,0,Unsuccessful
885,42,206.0,0,Unsuccessful
884,48,212.5,0,Unsuccessful
883,45,224.1,0,Unsuccessful
882,43,223.0,0,Unsuccessful
890,44,182.2,0,Unsuccessful
773,64,270.0,0,Unsuccessful
772,60,266.2,0,Unsuccessful
771,69,251.7,0,Unsuccessful
627,99,274.9,0,Unsuccessful
628,97,282.9,0,Unsuccessful
629,21,143.4,0,Unsuccessful
630,28,141.4,0,Unsuccessful
631,26,149.8,0,Unsuccessful
632,28,146.6,0,Unsuccessful
633,21,146.1,0,Unsuccessful
634,38,156.2,0,Unsuccessful
635,34,155.8,0,Unsuccessful
636,36,152.4,0,Unsuccessful
637,33,159.4,0,Unsuccessful
638,33,158.4,0,Unsuccessful
639,40,168.9,0,Unsuccessful
640,48,168.5,0,Unsuccessful
641,47,169.1,0,Unsuccessful
642,47,167.4,0,Unsuccessful
643,46,161.4,0,Unsuccessful
626,99,287.4,0,Unsuccessful
625,96,282.2,0,Unsuccessful
624,99,271.3,0,Unsuccessful
623,100,270.9,0,Unsuccessful
605,95,245.9,0,Unsuccessful
606,96,239.7,0,Unsuccessful
607,97,248.6,0,Unsuccessful
608,92,241.8,0,Unsuccessful
609,93,261.5,0,Unsuccessful
610,93,250.0,0,Unsuccessful
611,87,257.3,0,Unsuccessful
612,85,268.5,0,Unsuccessful
644,75,277.3,0,Unsuccessful
613,85,253.8,0,Unsuccessful
615,90,253.2,0,Unsuccessful
616,95,251.3,0,Unsuccessful
617,93,266.2,0,Unsuccessful
618,85,263.6,0,Unsuccessful
619,95,289.3,0,Unsuccessful
620,99,279.5,0,Unsuccessful
621,97,278.9,0,Unsuccessful
622,97,281.8,0,Unsuccessful
614,94,264.7,0,Unsuccessful
604,91,249.0,0,Unsuccessful
645,65,275.6,0,Unsuccessful
647,68,271.2,0,Unsuccessful
670,82,269.8,0,Unsuccessful
671,84,268.4,0,Unsuccessful
672,88,251.4,0,Unsuccessful
673,89,266.0,0,Unsuccessful
674,83,265.4,0,Unsuccessful
675,81,250.9,0,Unsuccessful
676,86,263.9,0,Unsuccessful
677,85,250.9,0,Unsuccessful
678,88,267.3,0,Unsuccessful
679,80,268.1,0,Unsuccessful
680,89,257.4,0,Unsuccessful
681,88,251.3,0,Unsuccessful
682,88,266.9,0,Unsuccessful
683,88,264.1,0,Unsuccessful
684,85,233.9,0,Unsuccessful
685,90,227.1,0,Unsuccessful
686,83,246.9,0,Unsuccessful
669,88,266.4,0,Unsuccessful
668,85,293.3,0,Unsuccessful
667,84,285.7,0,Unsuccessful
666,82,284.6,0,Unsuccessful
648,63,268.0,0,Unsuccessful
649,83,273.8,0,Unsuccessful
650,87,287.6,0,Unsuccessful
651,81,285.7,0,Unsuccessful
652,89,272.4,0,Unsuccessful
653,81,283.7,0,Unsuccessful
654,82,290.8,0,Unsuccessful
655,88,284.3,0,Unsuccessful
646,78,278.5,0,Unsuccessful
656,86,291.5,0,Unsuccessful
658,86,291.9,0,Unsuccessful
659,84,287.4,0,Unsuccessful
660,82,287.8,0,Unsuccessful
661,86,274.1,0,Unsuccessful
662,88,288.3,0,Unsuccessful
663,83,288.8,0,Unsuccessful
664,84,281.0,0,Unsuccessful
665,82,283.2,0,Unsuccessful
657,83,282.7,0,Unsuccessful
603,94,248.2,0,Unsuccessful
602,92,239.7,0,Unsuccessful
601,93,230.1,0,Unsuccessful
748,72,203.1,0,Unsuccessful
747,77,217.0,0,Unsuccessful
746,78,212.2,0,Unsuccessful
745,71,210.9,0,Unsuccessful
744,78,221.9,0,Unsuccessful
743,75,222.0,0,Unsuccessful
742,77,217.7,0,Unsuccessful
741,78,208.1,0,Unsuccessful
740,79,205.6,0,Unsuccessful
739,75,200.9,0,Unsuccessful
738,80,234.2,0,Unsuccessful
737,78,247.3,0,Unsuccessful
736,79,248.1,0,Unsuccessful
735,74,248.3,0,Unsuccessful
734,72,248.9,0,Unsuccessful
733,74,249.8,0,Unsuccessful
732,78,229.9,0,Unsuccessful
749,64,283.2,0,Unsuccessful
750,64,282.6,0,Unsuccessful
751,66,282.4,0,Unsuccessful
752,63,275.7,0,Unsuccessful
770,61,251.3,0,Unsuccessful
769,68,256.7,0,Unsuccessful
768,63,263.8,0,Unsuccessful
767,70,258.0,0,Unsuccessful
766,61,255.6,0,Unsuccessful
765,66,256.9,0,Unsuccessful
764,67,261.6,0,Unsuccessful
763,65,257.9,0,Unsuccessful
731,74,226.6,0,Unsuccessful
762,70,257.8,0,Unsuccessful
760,61,269.8,0,Unsuccessful
759,68,256.5,0,Unsuccessful
758,62,283.4,0,Unsuccessful
757,65,276.7,0,Unsuccessful
756,62,284.6,0,Unsuccessful
755,62,277.6,0,Unsuccessful
754,69,289.0,0,Unsuccessful
753,65,280.9,0,Unsuccessful
761,63,254.8,0,Unsuccessful
730,78,234.9,0,Unsuccessful
729,79,234.8,0,Unsuccessful
728,77,262.5,0,Unsuccessful
705,80,275.6,0,Unsuccessful
704,79,292.0,0,Unsuccessful
703,72,282.0,0,Unsuccessful
702,77,288.5,0,Unsuccessful
701,70,270.8,0,Unsuccessful
700,74,273.0,0,Unsuccessful
699,70,293.4,0,Unsuccessful
698,81,220.3,0,Unsuccessful
706,78,283.0,0,Unsuccessful
697,82,215.9,0,Unsuccessful
695,81,203.4,0,Unsuccessful
694,89,220.8,0,Unsuccessful
693,86,241.6,0,Unsuccessful
692,85,227.4,0,Unsuccessful
691,90,245.7,0,Unsuccessful
690,87,245.4,0,Unsuccessful
689,87,240.1,0,Unsuccessful
600,99,242.1,0,Unsuccessful
696,84,206.1,0,Unsuccessful
943,33,189.6,0,Unsuccessful
707,78,278.1,0,Unsuccessful
709,73,272.0,0,Unsuccessful
727,78,257.8,0,Unsuccessful
726,75,256.9,0,Unsuccessful
725,79,265.4,0,Unsuccessful
724,78,264.0,0,Unsuccessful
723,70,257.7,0,Unsuccessful
722,78,255.4,0,Unsuccessful
721,70,252.6,0,Unsuccessful
720,73,265.2,0,Unsuccessful
708,70,285.3,0,Unsuccessful
719,74,251.1,0,Unsuccessful
717,77,269.1,0,Unsuccessful
716,77,255.3,0,Unsuccessful
715,80,265.3,0,Unsuccessful
714,76,263.7,0,Unsuccessful
713,77,276.9,0,Unsuccessful
712,70,283.3,0,Unsuccessful
711,77,281.6,0,Unsuccessful
710,78,283.8,0,Unsuccessful
718,79,252.4,0,Unsuccessful
687,86,239.9,0,Unsuccessful
944,32,171.8,0,Unsuccessful
946,38,170.6,0,Unsuccessful
1150,61,176.8,0,Unsuccessful
1149,61,194.5,0,Unsuccessful
1148,56,159.5,0,Unsuccessful
1147,56,164.5,0,Unsuccessful
1146,52,162.2,0,Unsuccessful
1145,59,162.9,0,Unsuccessful
1151,73,180.9,0,Unsuccessful
1144,51,155.3,0,Unsuccessful
1142,59,156.6,0,Unsuccessful
1141,49,170.9,0,Unsuccessful
1140,53,168.7,0,Unsuccessful
1139,51,173.8,0,Unsuccessful
1138,41,149.3,0,Unsuccessful
1137,47,129.3,0,Unsuccessful
1143,54,155.8,0,Unsuccessful
1152,63,175.0,0,Unsuccessful
1153,60,172.9,0,Unsuccessful
1154,70,184.1,0,Unsuccessful
1169,99,298.6,0,Unsuccessful
1168,75,177.3,0,Unsuccessful
1167,63,178.3,0,Unsuccessful
1166,59,192.0,0,Unsuccessful
1165,59,173.5,0,Unsuccessful
1164,68,180.9,0,Unsuccessful
1163,59,177.5,0,Unsuccessful
1162,59,191.9,0,Unsuccessful
1161,66,174.4,0,Unsuccessful
1160,55,190.4,0,Unsuccessful
1159,74,178.1,0,Unsuccessful
1158,67,170.1,0,Unsuccessful
1157,71,170.6,0,Unsuccessful
1156,63,174.2,0,Unsuccessful
1155,57,171.1,0,Unsuccessful
1136,49,120.3,0,Unsuccessful
1135,40,124.3,0,Unsuccessful
1134,46,128.8,0,Unsuccessful
1133,44,140.6,0,Unsuccessful
1113,13,107.0,0,Unsuccessful
1112,26,113.4,0,Unsuccessful
1111,34,126.0,0,Unsuccessful
1110,33,112.1,0,Unsuccessful
1109,31,132.1,0,Unsuccessful
1108,21,137.0,0,Unsuccessful
1107,32,113.4,0,Unsuccessful
1106,25,116.1,0,Unsuccessful
1105,19,120.5,0,Unsuccessful
1104,20,114.8,0,Unsuccessful
1103,35,102.3,0,Unsuccessful
1102,20,112.3,0,Unsuccessful
1101,15,137.9,0,Unsuccessful
1100,27,101.8,0,Unsuccessful
1099,12,100.8,0,Unsuccessful
1114,19,123.4,0,Unsuccessful
1170,98,296.6,0,Unsuccessful
1115,19,102.2,0,Unsuccessful
945,38,172.2,0,Unsuccessful
1132,38,131.8,0,Unsuccessful
1131,49,142.1,0,Unsuccessful
1130,45,135.2,0,Unsuccessful
1129,41,121.1,0,Unsuccessful
1128,40,145.3,0,Unsuccessful
1127,48,144.6,0,Unsuccessful
1126,48,120.7,0,Unsuccessful
1125,50,146.2,0,Unsuccessful
1124,49,153.0,0,Unsuccessful
1123,44,136.8,0,Unsuccessful
1122,48,131.4,0,Unsuccessful
1121,42,124.6,0,Unsuccessful
1120,38,123.1,0,Unsuccessful
1119,47,143.8,0,Unsuccessful
1118,34,141.1,0,Unsuccessful
1116,26,112.8,0,Unsuccessful
1171,83,298.6,0,Unsuccessful
1172,85,296.4,0,Unsuccessful
1173,99,297.9,0,Unsuccessful
1899,25,215.1,0,Unsuccessful
1896,52,148.6,0,Unsuccessful
1892,120,283.8,0,Unsuccessful
1891,70,139.4,0,Unsuccessful
1884,26,172.2,0,Unsuccessful
1877,53,169.0,0,Unsuccessful
1876,64,191.8,0,Unsuccessful
1870,80,299.7,0,Unsuccessful
1869,38,111.7,0,Unsuccessful
1867,57,232.8,0,Unsuccessful
1865,13,197.0,0,Unsuccessful
1861,79,189.3,0,Unsuccessful
1857,82,217.8,0,Unsuccessful
1854,47,76.7,0,Unsuccessful
1842,70,124.6,0,Unsuccessful
1901,80,204.0,0,Unsuccessful
1837,30,64.9,0,Unsuccessful
1902,85,197.1,0,Unsuccessful
1905,66,192.0,0,Unsuccessful
1945,39,232.2,0,Unsuccessful
1941,43,188.2,0,Unsuccessful
1939,4,232.6,0,Unsuccessful
1936,64,156.1,0,Unsuccessful
1933,12,128.2,0,Unsuccessful
1931,60,105.4,0,Unsuccessful
1930,48,181.3,0,Unsuccessful
1928,24,273.1,0,Unsuccessful
1925,70,166.5,0,Unsuccessful
1922,45,134.7,0,Unsuccessful
1919,71,182.3,0,Unsuccessful
1915,7,275.9,0,Unsuccessful
1914,81,238.0,0,Unsuccessful
1912,41,291.6,0,Unsuccessful
1907,39,164.7,0,Unsuccessful
1903,61,80.3,0,Unsuccessful
1098,2,98.3,0,Unsuccessful
1832,69,96.5,0,Unsuccessful
1828,4,59.1,0,Unsuccessful
1188,96,262.0,0,Unsuccessful
1187,96,261.8,0,Unsuccessful
1186,99,265.3,0,Unsuccessful
1185,97,260.9,0,Unsuccessful
1184,99,253.7,0,Unsuccessful
1183,96,265.0,0,Unsuccessful
1182,95,263.9,0,Unsuccessful
1181,99,258.9,0,Unsuccessful
1180,97,259.6,0,Unsuccessful
1179,100,267.6,0,Unsuccessful
1178,83,295.2,0,Unsuccessful
1177,91,299.3,0,Unsuccessful
1176,91,300.0,0,Unsuccessful
1175,99,299.9,0,Unsuccessful
1174,91,295.9,0,Unsuccessful
1189,24,125.2,0,Unsuccessful
1831,46,123.8,0,Unsuccessful
1190,28,127.3,0,Unsuccessful
1192,23,127.3,0,Unsuccessful
1824,87,168.3,0,Unsuccessful
1823,7,162.5,0,Unsuccessful
1822,59,175.0,0,Unsuccessful
1821,22,245.5,0,Unsuccessful
1820,35,289.5,0,Unsuccessful
1816,7,175.3,0,Unsuccessful
1810,51,264.5,0,Unsuccessful
1800,17,217.6,0,Unsuccessful
1199,9,195.0,0,Unsuccessful
1198,77,235.0,0,Unsuccessful
1197,72,240.3,0,Unsuccessful
1196,64,212.8,0,Unsuccessful
1195,65,218.4,0,Unsuccessful
1194,7,159.7,0,Unsuccessful
1193,22,130.9,0,Unsuccessful
1191,29,132.6,0,Unsuccessful
1097,2,95.1,0,Unsuccessful
1117,15,122.1,0,Unsuccessful
1095,7,96.2,0,Unsuccessful
1096,9,99.5,0,Unsuccessful
998,24,155.7,0,Unsuccessful
997,25,157.6,0,Unsuccessful
996,20,157.7,0,Unsuccessful
995,21,154.1,0,Unsuccessful
994,22,156.1,0,Unsuccessful
993,22,172.6,0,Unsuccessful
992,30,173.9,0,Unsuccessful
991,29,175.0,0,Unsuccessful
990,25,174.9,0,Unsuccessful
989,24,167.6,0,Unsuccessful
988,20,195.9,0,Unsuccessful
987,26,194.6,0,Unsuccessful
986,30,186.8,0,Unsuccessful
985,25,182.2,0,Unsuccessful
1000,19,235.7,0,Unsuccessful
984,30,187.8,0,Unsuccessful
1001,13,240.3,0,Unsuccessful
1003,13,242.7,0,Unsuccessful
1018,18,190.0,0,Unsuccessful
1017,20,189.5,0,Unsuccessful
1016,18,180.1,0,Unsuccessful
1015,11,185.3,0,Unsuccessful
1014,17,181.3,0,Unsuccessful
1013,18,186.7,0,Unsuccessful
1012,17,198.4,0,Unsuccessful
1011,18,188.0,0,Unsuccessful
1010,13,181.7,0,Unsuccessful
1009,18,182.4,0,Unsuccessful
1008,12,208.7,0,Unsuccessful
1007,15,208.6,0,Unsuccessful
1006,11,223.7,0,Unsuccessful
1005,18,224.4,0,Unsuccessful
1004,10,216.4,0,Unsuccessful
1002,11,235.7,0,Unsuccessful
1019,11,178.0,0,Unsuccessful
983,21,194.3,0,Unsuccessful
981,24,191.8,0,Unsuccessful
961,23,230.6,0,Unsuccessful
960,27,229.2,0,Unsuccessful
959,22,226.2,0,Unsuccessful
958,28,228.9,0,Unsuccessful
957,23,236.4,0,Unsuccessful
956,27,227.6,0,Unsuccessful
955,28,230.6,0,Unsuccessful
954,27,235.2,0,Unsuccessful
953,24,248.6,0,Unsuccessful
952,23,255.6,0,Unsuccessful
951,27,259.1,0,Unsuccessful
950,24,257.5,0,Unsuccessful
949,25,257.6,0,Unsuccessful
948,39,166.0,0,Unsuccessful
947,33,167.8,0,Unsuccessful
962,27,226.0,0,Unsuccessful
982,25,195.1,0,Unsuccessful
963,25,231.6,0,Unsuccessful
965,29,214.3,0,Unsuccessful
980,22,189.1,0,Unsuccessful
979,26,197.6,0,Unsuccessful
978,27,183.3,0,Unsuccessful
977,27,194.0,0,Unsuccessful
976,29,186.2,0,Unsuccessful
975,26,199.4,0,Unsuccessful
1948,87,213.5,0,Unsuccessful
973,24,215.3,0,Unsuccessful
972,29,216.7,0,Unsuccessful
971,26,222.4,0,Unsuccessful
970,21,215.8,0,Unsuccessful
969,29,221.3,0,Unsuccessful
968,26,205.0,0,Unsuccessful
967,26,217.6,0,Unsuccessful
966,23,206.6,0,Unsuccessful
964,25,203.8,0,Unsuccessful
1020,17,174.9,0,Unsuccessful
999,15,243.8,0,Unsuccessful
1022,15,161.0,0,Unsuccessful
1073,2,153.8,0,Unsuccessful
1072,9,151.3,0,Unsuccessful
1071,4,147.5,0,Unsuccessful
1070,9,141.1,0,Unsuccessful
1069,6,146.1,0,Unsuccessful
1068,7,146.2,0,Unsuccessful
1067,4,140.0,0,Unsuccessful
1074,10,144.4,0,Unsuccessful
1066,0,147.2,0,Unsuccessful
1064,8,174.3,0,Unsuccessful
1063,5,170.2,0,Unsuccessful
1062,7,174.1,0,Unsuccessful
1021,18,177.2,0,Unsuccessful
1061,2,176.2,0,Unsuccessful
1060,2,178.7,0,Unsuccessful
1059,10,184.0,0,Unsuccessful
1065,7,152.9,0,Unsuccessful
1075,1,124.4,0,Unsuccessful
1076,5,123.0,0,Unsuccessful
1077,3,138.2,0,Unsuccessful
1094,9,115.9,0,Unsuccessful
1093,8,116.6,0,Unsuccessful
1092,6,118.3,0,Unsuccessful
1091,7,107.0,0,Unsuccessful
1090,6,116.4,0,Unsuccessful
1089,5,108.6,0,Unsuccessful
1088,6,106.9,0,Unsuccessful
1087,9,109.5,0,Unsuccessful
1086,4,110.5,0,Unsuccessful
1085,6,118.8,0,Unsuccessful
1084,1,121.8,0,Unsuccessful
1083,1,139.1,0,Unsuccessful
1082,9,127.5,0,Unsuccessful
1081,4,135.1,0,Unsuccessful
1080,4,121.0,0,Unsuccessful
1079,1,120.6,0,Unsuccessful
1078,6,133.6,0,Unsuccessful
1058,0,194.7,0,Unsuccessful
1057,7,188.3,0,Unsuccessful
688,90,246.1,0,Unsuccessful
1046,20,179.1,0,Unsuccessful
1033,12,149.5,0,Unsuccessful
1034,15,140.8,0,Unsuccessful
1035,14,156.0,0,Unsuccessful
1036,16,146.6,0,Unsuccessful
1049,2,225.2,0,Unsuccessful
1037,12,149.1,0,Unsuccessful
1038,20,144.7,0,Unsuccessful
1032,11,141.6,0,Unsuccessful
1048,11,173.8,0,Unsuccessful
1039,15,124.0,0,Unsuccessful
1040,18,136.9,0,Unsuccessful
1041,16,126.7,0,Unsuccessful
1056,4,185.1,0,Unsuccessful
1045,17,168.2,0,Unsuccessful
1044,14,180.0,0,Unsuccessful
1042,16,125.4,0,Unsuccessful
1047,14,171.0,0,Unsuccessful
1031,15,149.0,0,Unsuccessful
1043,20,131.9,0,Unsuccessful
1050,4,233.5,0,Unsuccessful
1023,19,163.2,0,Unsuccessful
1055,9,187.7,0,Unsuccessful
1054,4,205.3,0,Unsuccessful
1053,7,201.4,0,Unsuccessful
1024,19,164.8,0,Unsuccessful
1052,4,205.1,0,Unsuccessful
1030,17,141.8,0,Unsuccessful
1051,1,220.7,0,Unsuccessful
1025,14,162.7,0,Unsuccessful
1027,20,178.7,0,Unsuccessful
1028,18,161.1,0,Unsuccessful
1029,12,146.7,0,Unsuccessful
1026,13,179.0,0,Unsuccessful
1935,193,108.1,1,Successful
1932,251,214.4,1,Successful
1940,220,68.5,1,Successful
1917,299,276.2,1,Successful
1920,248,52.3,1,Successful
1942,298,81.9,1,Successful
1900,287,186.6,1,Successful
1898,194,77.2,1,Successful
1947,240,78.4,1,Successful
1924,257,97.7,1,Successful
1825,228,124.1,1,Successful
1893,202,108.9,1,Successful
1826,286,206.0,1,Successful
1827,286,112.0,1,Successful
1830,194,121.7,1,Successful
1833,297,192.7,1,Successful
1834,259,242.2,1,Successful
1839,216,86.0,1,Successful
1844,220,153.7,1,Successful
1845,269,123.7,1,Successful
1846,283,284.6,1,Successful
1849,264,120.8,1,Successful
1852,293,223.2,1,Successful
1814,253,59.4,1,Successful
1855,279,138.5,1,Successful
1894,260,192.1,1,Successful
1808,199,59.5,1,Successful
1805,185,54.2,1,Successful
1863,282,146.7,1,Successful
1804,257,51.8,1,Successful
1866,220,184.1,1,Successful
1803,253,191.7,1,Successful
1868,220,119.4,1,Successful
1801,260,64.5,1,Successful
1871,284,154.8,1,Successful
1872,256,207.2,1,Successful
1881,180,61.6,1,Successful
1882,258,154.5,1,Successful
1883,254,170.0,1,Successful
1885,208,50.6,1,Successful
1858,299,153.4,1,Successful
1853,253,99.1,1,Successful
0,292,155.3,1,Successful
598,285,95.1,1,Successful
202,262,83.8,1,Successful
201,268,118.3,1,Successful
200,262,98.4,1,Successful
199,265,110.5,1,Successful
198,268,79.3,1,Successful
197,260,128.7,1,Successful
203,270,121.8,1,Successful
196,269,111.9,1,Successful
194,264,66.4,1,Successful
193,260,70.5,1,Successful
192,264,46.3,1,Successful
191,261,79.6,1,Successful
190,265,65.3,1,Successful
189,260,73.1,1,Successful
195,266,100.7,1,Successful
204,265,114.0,1,Successful
205,257,158.6,1,Successful
206,251,165.4,1,Successful
221,251,82.4,1,Successful
220,254,81.3,1,Successful
219,255,80.6,1,Successful
218,254,87.1,1,Successful
217,253,109.1,1,Successful
216,251,72.0,1,Successful
215,257,85.1,1,Successful
214,252,132.5,1,Successful
213,255,122.1,1,Successful
212,254,141.2,1,Successful
211,252,130.2,1,Successful
210,260,138.4,1,Successful
209,257,138.1,1,Successful
208,250,172.5,1,Successful
207,255,154.7,1,Successful
188,262,67.4,1,Successful
187,268,67.9,1,Successful
186,261,60.8,1,Successful
185,260,62.4,1,Successful
165,266,114.1,1,Successful
164,267,169.8,1,Successful
163,262,167.4,1,Successful
162,265,168.3,1,Successful
161,264,187.5,1,Successful
160,260,151.6,1,Successful
159,265,219.5,1,Successful
158,261,222.5,1,Successful
157,261,201.2,1,Successful
156,263,215.9,1,Successful
155,264,214.2,1,Successful
154,275,53.8,1,Successful
153,280,82.9,1,Successful
152,274,83.9,1,Successful
151,275,85.9,1,Successful
166,265,127.0,1,Successful
222,257,103.2,1,Successful
167,261,108.0,1,Successful
169,263,129.3,1,Successful
184,265,78.8,1,Successful
183,263,63.6,1,Successful
182,260,59.9,1,Successful
181,263,87.5,1,Successful
180,267,59.6,1,Successful
179,267,115.1,1,Successful
178,263,98.2,1,Successful
177,269,96.4,1,Successful
176,264,120.3,1,Successful
175,261,138.0,1,Successful
174,268,131.4,1,Successful
173,264,119.4,1,Successful
172,266,119.3,1,Successful
171,269,137.1,1,Successful
170,260,91.6,1,Successful
168,264,112.2,1,Successful
150,273,76.4,1,Successful
223,254,83.3,1,Successful
225,252,51.4,1,Successful
277,245,63.9,1,Successful
276,240,66.5,1,Successful
275,247,57.8,1,Successful
274,250,58.4,1,Successful
273,245,111.4,1,Successful
272,241,109.0,1,Successful
278,249,79.7,1,Successful
271,244,115.2,1,Successful
269,248,116.9,1,Successful
268,246,124.6,1,Successful
267,240,128.5,1,Successful
266,242,149.5,1,Successful
265,244,139.4,1,Successful
264,241,126.6,1,Successful
270,248,100.3,1,Successful
279,242,88.2,1,Successful
280,249,75.6,1,Successful
281,248,57.8,1,Successful
296,245,52.0,1,Successful
295,240,60.6,1,Successful
294,248,41.9,1,Successful
293,249,65.8,1,Successful
292,245,70.1,1,Successful
291,240,59.6,1,Successful
290,247,41.7,1,Successful
289,241,71.3,1,Successful
288,245,54.1,1,Successful
287,247,75.8,1,Successful
286,241,60.6,1,Successful
285,242,75.5,1,Successful
284,249,79.9,1,Successful
283,249,82.0,1,Successful
282,240,83.8,1,Successful
263,241,169.0,1,Successful
262,241,153.1,1,Successful
261,247,153.4,1,Successful
260,245,162.1,1,Successful
240,256,75.6,1,Successful
239,260,53.8,1,Successful
238,251,62.4,1,Successful
237,256,71.2,1,Successful
236,254,69.5,1,Successful
235,254,54.2,1,Successful
234,253,56.7,1,Successful
233,252,45.4,1,Successful
232,255,59.6,1,Successful
231,260,55.9,1,Successful
230,256,69.0,1,Successful
229,250,54.1,1,Successful
228,260,75.4,1,Successful
227,259,79.6,1,Successful
226,257,46.2,1,Successful
241,253,112.4,1,Successful
224,254,85.9,1,Successful
242,250,105.9,1,Successful
244,259,100.6,1,Successful
259,243,164.5,1,Successful
258,242,175.0,1,Successful
257,248,181.2,1,Successful
256,241,172.9,1,Successful
255,254,71.4,1,Successful
254,256,187.0,1,Successful
253,252,99.2,1,Successful
252,256,109.8,1,Successful
251,252,104.2,1,Successful
250,257,105.4,1,Successful
249,254,70.6,1,Successful
248,254,87.8,1,Successful
247,250,98.3,1,Successful
246,256,111.8,1,Successful
245,259,109.6,1,Successful
243,258,96.3,1,Successful
149,280,53.9,1,Successful
148,280,51.4,1,Successful
147,278,59.1,1,Successful
52,297,66.2,1,Successful
51,291,96.2,1,Successful
50,291,74.1,1,Successful
49,293,71.4,1,Successful
48,299,110.4,1,Successful
47,291,113.5,1,Successful
53,292,52.0,1,Successful
46,291,132.3,1,Successful
44,298,116.9,1,Successful
43,298,125.9,1,Successful
42,298,140.6,1,Successful
41,300,148.0,1,Successful
40,294,144.6,1,Successful
39,291,113.3,1,Successful
45,295,104.8,1,Successful
54,300,63.6,1,Successful
55,298,84.5,1,Successful
56,291,90.4,1,Successful
71,281,171.9,1,Successful
70,286,195.4,1,Successful
69,286,172.2,1,Successful
68,287,220.4,1,Successful
67,288,209.8,1,Successful
66,288,236.9,1,Successful
65,283,244.3,1,Successful
64,281,200.9,1,Successful
63,282,226.0,1,Successful
62,284,230.9,1,Successful
61,287,220.9,1,Successful
60,284,206.6,1,Successful
59,288,220.4,1,Successful
58,300,84.7,1,Successful
57,295,74.5,1,Successful
38,294,146.1,1,Successful
37,296,119.3,1,Successful
36,291,106.9,1,Successful
35,293,107.9,1,Successful
15,300,210.3,1,Successful
14,299,219.2,1,Successful
13,278,150.5,1,Successful
12,278,155.7,1,Successful
11,283,155.9,1,Successful
10,280,176.2,1,Successful
9,271,163.8,1,Successful
8,299,159.1,1,Successful
7,293,151.9,1,Successful
6,290,150.4,1,Successful
5,293,154.2,1,Successful
4,293,145.8,1,Successful
3,291,148.6,1,Successful
2,295,143.7,1,Successful
1,292,141.2,1,Successful
16,297,230.4,1,Successful
72,285,177.4,1,Successful
17,292,229.8,1,Successful
19,294,246.7,1,Successful
34,298,119.7,1,Successful
33,295,172.3,1,Successful
32,299,182.0,1,Successful
31,293,154.9,1,Successful
30,296,182.4,1,Successful
29,293,172.5,1,Successful
28,295,176.3,1,Successful
27,293,171.8,1,Successful
26,297,157.4,1,Successful
25,295,155.6,1,Successful
24,299,189.9,1,Successful
23,299,241.7,1,Successful
22,298,248.6,1,Successful
21,299,208.9,1,Successful
20,297,228.1,1,Successful
18,298,216.4,1,Successful
73,286,178.4,1,Successful
74,289,198.1,1,Successful
75,281,164.7,1,Successful
127,272,135.8,1,Successful
126,276,133.6,1,Successful
125,277,130.8,1,Successful
124,274,167.9,1,Successful
123,274,168.2,1,Successful
122,278,172.2,1,Successful
121,276,172.5,1,Successful
120,270,180.5,1,Successful
119,277,151.2,1,Successful
118,279,197.3,1,Successful
117,270,198.3,1,Successful
116,270,154.3,1,Successful
115,275,159.1,1,Successful
114,279,206.4,1,Successful
113,279,217.5,1,Successful
128,274,102.2,1,Successful
112,274,227.5,1,Successful
129,273,139.1,1,Successful
131,274,100.3,1,Successful
146,273,80.7,1,Successful
145,273,77.3,1,Successful
144,280,97.8,1,Successful
143,271,78.3,1,Successful
142,277,74.5,1,Successful
141,278,67.4,1,Successful
140,275,87.1,1,Successful
139,274,118.3,1,Successful
138,279,132.8,1,Successful
137,271,130.8,1,Successful
136,271,118.8,1,Successful
135,280,126.9,1,Successful
134,276,109.2,1,Successful
133,275,100.2,1,Successful
132,277,132.5,1,Successful
130,271,126.9,1,Successful
297,244,52.4,1,Successful
111,275,245.6,1,Successful
109,271,250.1,1,Successful
89,284,102.9,1,Successful
599,291,122.5,1,Successful
88,287,141.5,1,Successful
87,283,147.8,1,Successful
86,287,107.6,1,Successful
85,288,111.0,1,Successful
84,281,110.7,1,Successful
83,289,103.2,1,Successful
82,289,134.1,1,Successful
81,287,118.3,1,Successful
80,285,146.6,1,Successful
79,289,113.9,1,Successful
78,281,174.9,1,Successful
77,285,175.7,1,Successful
76,290,191.3,1,Successful
90,284,148.9,1,Successful
110,273,243.2,1,Successful
91,282,128.4,1,Successful
93,288,117.5,1,Successful
108,271,201.4,1,Successful
107,270,204.0,1,Successful
106,277,204.9,1,Successful
105,275,246.5,1,Successful
104,279,242.9,1,Successful
103,288,79.8,1,Successful
102,290,71.0,1,Successful
101,282,99.1,1,Successful
100,283,56.0,1,Successful
99,283,81.5,1,Successful
98,283,85.1,1,Successful
97,285,60.1,1,Successful
96,285,55.8,1,Successful
95,289,54.0,1,Successful
94,289,60.2,1,Successful
92,280,149.3,1,Successful
298,243,60.3,1,Successful
1949,275,96.7,1,Successful
300,246,42.3,1,Successful
503,207,94.2,1,Successful
502,211,125.8,1,Successful
501,214,126.7,1,Successful
500,219,105.9,1,Successful
499,228,151.7,1,Successful
498,228,155.8,1,Successful
504,206,103.2,1,Successful
497,230,153.0,1,Successful
495,235,152.9,1,Successful
494,226,156.1,1,Successful
493,232,150.7,1,Successful
492,227,157.8,1,Successful
491,226,152.9,1,Successful
490,231,157.8,1,Successful
496,228,158.2,1,Successful
505,219,113.4,1,Successful
506,210,118.1,1,Successful
507,209,114.5,1,Successful
584,201,75.3,1,Successful
585,206,68.4,1,Successful
586,205,73.1,1,Successful
587,201,74.0,1,Successful
588,207,76.0,1,Successful
589,206,75.8,1,Successful
590,274,102.8,1,Successful
591,291,140.6,1,Successful
592,283,115.4,1,Successful
593,284,90.3,1,Successful
594,273,133.5,1,Successful
595,280,89.7,1,Successful
596,283,64.0,1,Successful
597,283,118.8,1,Successful
508,219,122.2,1,Successful
489,230,155.4,1,Successful
488,227,131.9,1,Successful
487,221,127.8,1,Successful
486,228,132.1,1,Successful
466,261,162.6,1,Successful
465,259,164.7,1,Successful
464,264,163.7,1,Successful
463,201,65.3,1,Successful
462,205,82.3,1,Successful
461,210,66.8,1,Successful
460,207,82.5,1,Successful
459,202,84.9,1,Successful
458,205,59.1,1,Successful
457,204,56.9,1,Successful
456,208,63.4,1,Successful
455,206,64.6,1,Successful
454,201,51.1,1,Successful
453,216,51.2,1,Successful
452,216,50.4,1,Successful
467,264,171.4,1,Successful
583,206,76.3,1,Successful
468,259,174.9,1,Successful
470,266,143.8,1,Successful
485,223,137.1,1,Successful
484,222,126.3,1,Successful
483,226,125.2,1,Successful
482,225,121.2,1,Successful
481,222,120.8,1,Successful
480,229,122.1,1,Successful
479,226,132.4,1,Successful
478,278,185.9,1,Successful
477,273,173.8,1,Successful
476,274,170.2,1,Successful
475,274,178.4,1,Successful
474,274,187.4,1,Successful
473,259,148.9,1,Successful
472,264,148.1,1,Successful
471,255,147.1,1,Successful
469,260,141.3,1,Successful
451,215,52.9,1,Successful
582,204,73.9,1,Successful
580,201,70.8,1,Successful
509,206,106.0,1,Successful
528,220,150.3,1,Successful
529,218,144.1,1,Successful
530,230,137.5,1,Successful
531,225,141.9,1,Successful
532,228,146.3,1,Successful
527,219,148.0,1,Successful
533,223,146.8,1,Successful
535,252,177.2,1,Successful
536,236,175.5,1,Successful
537,242,195.9,1,Successful
538,251,165.7,1,Successful
539,232,167.7,1,Successful
540,235,192.8,1,Successful
534,225,138.5,1,Successful
526,219,156.3,1,Successful
525,220,158.2,1,Successful
524,224,153.1,1,Successful
299,248,41.8,1,Successful
510,208,109.9,1,Successful
511,220,109.8,1,Successful
512,219,117.6,1,Successful
513,207,118.0,1,Successful
514,220,97.2,1,Successful
515,205,98.5,1,Successful
516,210,126.8,1,Successful
517,214,93.9,1,Successful
518,210,126.7,1,Successful
519,206,120.2,1,Successful
520,211,154.7,1,Successful
521,220,141.3,1,Successful
522,224,158.9,1,Successful
523,222,167.9,1,Successful
541,235,173.1,1,Successful
542,241,196.3,1,Successful
543,228,160.7,1,Successful
544,234,174.8,1,Successful
565,269,190.5,1,Successful
566,255,207.7,1,Successful
567,270,201.5,1,Successful
568,256,191.6,1,Successful
569,258,204.9,1,Successful
570,279,205.5,1,Successful
571,289,216.8,1,Successful
572,290,220.4,1,Successful
573,288,207.6,1,Successful
574,288,211.2,1,Successful
575,284,212.2,1,Successful
576,278,223.4,1,Successful
577,288,218.2,1,Successful
578,284,223.4,1,Successful
579,282,233.4,1,Successful
564,246,206.1,1,Successful
581,202,69.0,1,Successful
563,252,193.8,1,Successful
561,265,193.9,1,Successful
545,246,179.4,1,Successful
546,258,183.1,1,Successful
547,237,173.0,1,Successful
549,244,169.3,1,Successful
550,246,197.5,1,Successful
551,260,208.7,1,Successful
552,260,203.4,1,Successful
553,264,206.8,1,Successful
554,248,191.6,1,Successful
555,248,189.2,1,Successful
556,263,202.5,1,Successful
557,246,186.9,1,Successful
558,262,197.4,1,Successful
559,253,200.4,1,Successful
560,268,208.8,1,Successful
562,258,193.2,1,Successful
450,212,53.3,1,Successful
548,256,186.3,1,Successful
448,212,56.7,1,Successful
355,223,107.0,1,Successful
354,230,99.8,1,Successful
353,231,47.4,1,Successful
352,238,55.2,1,Successful
351,231,41.6,1,Successful
350,236,53.0,1,Successful
349,233,55.3,1,Successful
348,232,52.3,1,Successful
347,231,45.9,1,Successful
346,230,45.1,1,Successful
345,236,44.1,1,Successful
344,231,59.5,1,Successful
343,239,52.3,1,Successful
342,233,58.0,1,Successful
341,238,42.9,1,Successful
356,220,92.4,1,Successful
357,228,109.8,1,Successful
358,228,106.5,1,Successful
359,223,93.2,1,Successful
375,225,77.1,1,Successful
374,220,98.2,1,Successful
373,224,109.6,1,Successful
372,224,107.4,1,Successful
371,224,119.8,1,Successful
370,225,99.2,1,Successful
369,229,95.9,1,Successful
340,236,58.7,1,Successful
368,223,100.3,1,Successful
366,222,100.7,1,Successful
365,221,104.7,1,Successful
364,224,99.5,1,Successful
363,229,93.7,1,Successful
362,225,101.7,1,Successful
361,223,95.9,1,Successful
449,214,59.9,1,Successful
367,229,91.2,1,Successful
339,237,44.2,1,Successful
301,244,45.3,1,Successful
338,233,78.0,1,Successful
317,238,104.6,1,Successful
316,230,95.7,1,Successful
315,238,114.6,1,Successful
314,231,99.2,1,Successful
313,235,144.9,1,Successful
312,235,120.4,1,Successful
311,237,129.8,1,Successful
318,232,119.9,1,Successful
310,233,135.6,1,Successful
308,237,149.1,1,Successful
307,233,131.4,1,Successful
306,234,134.0,1,Successful
305,232,131.3,1,Successful
304,239,141.0,1,Successful
303,242,66.6,1,Successful
302,243,49.8,1,Successful
309,236,121.1,1,Successful
376,227,86.4,1,Successful
319,234,94.8,1,Successful
321,232,97.3,1,Successful
337,236,96.7,1,Successful
336,230,102.6,1,Successful
335,236,97.9,1,Successful
334,238,68.3,1,Successful
333,232,74.9,1,Successful
332,231,82.1,1,Successful
331,235,72.8,1,Successful
320,240,93.5,1,Successful
330,239,66.1,1,Successful
328,233,73.7,1,Successful
327,234,61.4,1,Successful
326,233,70.5,1,Successful
325,240,80.9,1,Successful
324,230,63.7,1,Successful
323,235,114.0,1,Successful
322,233,90.4,1,Successful
329,237,94.6,1,Successful
377,220,96.4,1,Successful
360,225,116.9,1,Successful
411,212,93.1,1,Successful
433,219,77.7,1,Successful
408,211,102.7,1,Successful
434,216,72.3,1,Successful
435,213,86.6,1,Successful
407,216,95.6,1,Successful
406,212,102.2,1,Successful
405,216,101.5,1,Successful
404,216,92.2,1,Successful
403,224,44.4,1,Successful
402,222,42.9,1,Successful
401,224,50.3,1,Successful
436,219,78.9,1,Successful
437,214,89.4,1,Successful
438,218,70.3,1,Successful
400,224,53.8,1,Successful
399,224,45.0,1,Successful
398,221,42.7,1,Successful
409,212,90.9,1,Successful
432,211,72.7,1,Successful
410,213,91.4,1,Successful
431,215,75.3,1,Successful
422,216,96.6,1,Successful
424,217,68.5,1,Successful
425,212,85.1,1,Successful
421,212,98.2,1,Successful
426,214,66.0,1,Successful
420,219,98.3,1,Successful
419,211,99.5,1,Successful
418,218,94.8,1,Successful
396,230,47.0,1,Successful
427,213,67.0,1,Successful
417,216,105.7,1,Successful
429,212,70.5,1,Successful
416,218,111.7,1,Successful
415,213,92.6,1,Successful
414,217,111.9,1,Successful
413,219,107.1,1,Successful
430,216,79.4,1,Successful
412,215,112.2,1,Successful
428,219,80.1,1,Successful
395,227,57.0,1,Successful
397,221,38.2,1,Successful
439,219,46.9,1,Successful
386,226,95.2,1,Successful
394,221,49.7,1,Successful
443,215,54.9,1,Successful
384,225,75.5,1,Successful
444,220,56.3,1,Successful
445,218,52.9,1,Successful
387,228,82.9,1,Successful
446,217,51.5,1,Successful
383,222,73.9,1,Successful
382,222,83.2,1,Successful
381,226,79.2,1,Successful
380,221,78.5,1,Successful
379,221,73.8,1,Successful
378,223,60.7,1,Successful
447,212,50.7,1,Successful
442,218,40.4,1,Successful
385,228,71.0,1,Successful
423,219,107.4,1,Successful
388,226,95.0,1,Successful
440,217,52.4,1,Successful
393,227,41.6,1,Successful
391,225,39.9,1,Successful
390,224,57.9,1,Successful
392,222,47.9,1,Successful
389,224,58.1,1,Successful
441,211,39.4,1,Successful
1663,106,117.5,2,Average
1652,113,133.8,2,Average
1649,111,115.2,2,Average
1650,110,121.6,2,Average
1664,110,103.7,2,Average
1648,112,105.7,2,Average
1651,112,120.5,2,Average
1668,103,138.7,2,Average
1665,103,136.5,2,Average
1659,106,120.1,2,Average
1667,101,133.9,2,Average
1666,106,133.9,2,Average
1655,107,132.6,2,Average
1662,101,115.8,2,Average
1661,106,115.1,2,Average
1656,101,123.5,2,Average
1660,108,106.2,2,Average
1657,110,127.8,2,Average
1658,109,126.0,2,Average
1653,109,118.2,2,Average
1654,108,126.6,2,Average
1708,122,210.4,2,Average
1670,148,210.7,2,Average
1694,134,206.3,2,Average
1695,104,101.1,2,Average
1715,125,233.6,2,Average
1714,130,239.8,2,Average
1713,128,236.2,2,Average
1696,102,100.5,2,Average
1697,100,108.4,2,Average
1698,105,94.8,2,Average
1699,104,101.9,2,Average
1693,137,209.8,2,Average
1700,123,217.0,2,Average
1712,129,221.2,2,Average
1702,123,212.4,2,Average
1711,127,229.1,2,Average
1703,122,211.6,2,Average
1704,123,214.5,2,Average
1710,128,235.5,2,Average
1705,123,219.9,2,Average
1706,124,216.0,2,Average
1707,121,218.1,2,Average
1701,123,210.3,2,Average
1669,109,135.8,2,Average
1692,135,209.7,2,Average
1690,138,215.2,2,Average
1671,148,210.1,2,Average
1672,146,213.7,2,Average
1673,149,209.2,2,Average
1674,150,213.5,2,Average
1675,146,207.4,2,Average
1676,147,207.0,2,Average
1677,149,202.1,2,Average
1678,150,207.6,2,Average
1709,120,214.0,2,Average
1691,134,211.7,2,Average
1679,140,203.3,2,Average
1681,144,196.0,2,Average
1682,142,190.7,2,Average
1683,148,197.7,2,Average
1684,141,199.3,2,Average
1685,133,194.3,2,Average
1686,131,199.2,2,Average
1687,137,196.3,2,Average
1688,130,198.9,2,Average
1689,138,196.2,2,Average
1680,144,199.1,2,Average
1647,117,106.8,2,Average
1612,112,150.1,2,Average
1645,117,100.3,2,Average
1595,125,98.5,2,Average
1596,125,109.0,2,Average
1597,124,114.4,2,Average
1598,123,105.4,2,Average
1599,125,106.3,2,Average
1600,114,163.9,2,Average
1594,129,111.9,2,Average
1601,119,161.5,2,Average
1603,116,176.5,2,Average
1604,112,172.3,2,Average
1605,118,165.6,2,Average
1606,120,164.2,2,Average
1607,114,166.1,2,Average
1608,118,163.4,2,Average
1602,117,179.2,2,Average
1609,119,168.4,2,Average
1593,129,113.7,2,Average
1591,125,99.9,2,Average
1577,127,127.8,2,Average
1578,123,123.5,2,Average
1579,128,135.6,2,Average
1580,120,129.3,2,Average
1581,121,138.5,2,Average
1582,120,132.6,2,Average
1592,120,96.0,2,Average
1583,123,138.0,2,Average
1585,124,135.5,2,Average
1586,121,120.7,2,Average
1587,124,131.1,2,Average
1588,128,133.4,2,Average
1589,122,138.8,2,Average
1590,123,98.2,2,Average
1584,124,138.6,2,Average
1646,113,114.5,2,Average
1610,120,142.6,2,Average
1716,128,229.0,2,Average
1631,113,150.4,2,Average
1632,111,158.4,2,Average
1633,118,148.5,2,Average
1634,114,143.8,2,Average
1635,112,144.6,2,Average
1636,115,144.7,2,Average
1630,115,147.1,2,Average
1637,111,142.0,2,Average
1639,117,157.7,2,Average
1640,113,107.9,2,Average
1641,118,116.2,2,Average
1642,114,114.8,2,Average
1643,112,101.9,2,Average
1644,117,118.4,2,Average
1638,118,158.7,2,Average
1611,117,140.9,2,Average
1629,118,148.9,2,Average
1627,116,150.3,2,Average
1613,118,149.5,2,Average
1614,111,149.9,2,Average
1615,114,145.7,2,Average
1616,111,141.3,2,Average
1617,118,159.4,2,Average
1618,114,143.1,2,Average
1628,114,142.9,2,Average
1619,119,141.2,2,Average
1621,113,148.2,2,Average
1622,117,157.7,2,Average
1623,118,159.9,2,Average
1624,110,142.8,2,Average
1625,112,154.8,2,Average
1626,120,151.7,2,Average
1620,116,154.7,2,Average
1717,130,239.8,2,Average
1791,108,160.1,2,Average
1719,127,232.0,2,Average
1829,200,210.0,2,Average
1835,281,298.4,2,Average
1836,141,177.9,2,Average
1838,167,197.8,2,Average
1840,182,269.4,2,Average
1841,77,95.5,2,Average
1819,186,220.5,2,Average
1843,157,89.3,2,Average
1848,101,159.4,2,Average
1850,209,168.2,2,Average
1851,147,115.6,2,Average
1856,103,68.5,2,Average
1859,202,226.8,2,Average
1860,266,283.3,2,Average
1847,148,218.3,2,Average
1862,171,182.8,2,Average
1818,196,216.3,2,Average
1815,102,195.4,2,Average
1793,103,162.6,2,Average
1794,106,162.7,2,Average
1795,107,193.5,2,Average
1796,106,186.0,2,Average
1797,105,193.3,2,Average
1798,111,194.3,2,Average
1817,194,274.3,2,Average
1799,110,195.2,2,Average
1806,114,92.8,2,Average
1807,120,138.7,2,Average
1809,221,291.6,2,Average
1811,155,244.4,2,Average
1812,240,243.3,2,Average
1813,152,195.6,2,Average
1802,148,295.1,2,Average
1792,102,167.4,2,Average
1864,123,85.8,2,Average
1873,176,211.6,2,Average
1913,136,234.3,2,Average
1916,187,166.2,2,Average
1918,88,133.1,2,Average
1921,116,95.8,2,Average
1923,197,283.7,2,Average
1926,177,237.1,2,Average
1911,248,281.5,2,Average
1927,158,181.5,2,Average
1934,167,126.4,2,Average
1937,131,63.6,2,Average
1938,208,193.6,2,Average
1943,96,174.3,2,Average
1944,175,206.8,2,Average
1946,190,191.4,2,Average
1929,108,196.5,2,Average
1576,130,126.3,2,Average
1910,118,152.9,2,Average
1908,152,169.0,2,Average
1874,186,203.2,2,Average
1875,266,299.4,2,Average
1878,132,67.2,2,Average
1879,190,217.6,2,Average
1880,244,247.4,2,Average
1886,120,127.2,2,Average
1909,199,181.8,2,Average
1887,87,100.0,2,Average
1889,159,156.7,2,Average
1890,133,295.9,2,Average
1895,157,270.8,2,Average
1897,153,279.4,2,Average
1904,95,99.5,2,Average
1906,230,223.8,2,Average
1888,196,164.7,2,Average
1718,127,226.2,2,Average
1790,101,168.7,2,Average
1788,101,192.3,2,Average
1738,142,228.4,2,Average
1739,150,236.0,2,Average
1740,145,225.8,2,Average
1741,148,224.9,2,Average
1742,149,229.2,2,Average
1743,145,238.3,2,Average
1737,141,231.5,2,Average
1744,147,234.8,2,Average
1746,143,225.6,2,Average
1747,139,221.3,2,Average
1748,148,232.6,2,Average
1749,145,230.4,2,Average
1750,131,223.0,2,Average
1751,132,209.8,2,Average
1745,141,223.2,2,Average
1752,134,234.6,2,Average
1736,145,239.5,2,Average
1734,143,218.1,2,Average
1720,138,222.1,2,Average
1721,142,235.0,2,Average
1722,143,219.1,2,Average
1723,147,221.2,2,Average
1724,142,238.2,2,Average
1725,141,226.9,2,Average
1735,141,228.0,2,Average
1726,148,220.4,2,Average
1728,136,221.2,2,Average
1729,137,220.8,2,Average
1730,139,229.6,2,Average
1731,149,227.1,2,Average
1732,144,227.1,2,Average
1733,149,222.0,2,Average
1727,140,237.4,2,Average
1789,102,156.6,2,Average
1753,128,224.1,2,Average
1755,131,242.6,2,Average
1774,122,192.9,2,Average
1775,120,201.7,2,Average
1776,112,200.0,2,Average
1777,111,205.0,2,Average
1778,130,191.9,2,Average
1779,119,188.5,2,Average
1773,127,191.9,2,Average
1780,104,176.8,2,Average
1782,106,143.7,2,Average
1783,107,179.5,2,Average
1784,101,191.1,2,Average
1785,109,159.0,2,Average
1786,105,153.6,2,Average
1787,108,175.8,2,Average
1781,105,144.6,2,Average
1754,132,226.3,2,Average
1772,112,206.1,2,Average
1770,118,206.6,2,Average
1756,128,211.1,2,Average
1757,130,240.5,2,Average
1758,131,230.3,2,Average
1759,132,224.0,2,Average
1760,119,197.3,2,Average
1761,124,197.0,2,Average
1771,118,206.1,2,Average
1762,122,189.7,2,Average
1764,121,191.9,2,Average
1765,116,196.2,2,Average
1766,125,198.9,2,Average
1767,114,185.9,2,Average
1768,116,186.4,2,Average
1769,115,189.3,2,Average
1763,112,200.7,2,Average
1575,121,129.6,2,Average
1470,141,163.2,2,Average
1573,126,145.5,2,Average
1317,164,219.2,2,Average
1318,169,212.2,2,Average
1320,165,179.1,2,Average
1321,161,150.8,2,Average
1322,165,150.5,2,Average
1323,168,180.1,2,Average
1324,163,172.1,2,Average
1325,161,169.8,2,Average
1326,166,197.4,2,Average
1327,164,197.0,2,Average
1328,163,184.4,2,Average
1329,166,181.4,2,Average
1330,165,158.3,2,Average
1331,166,169.4,2,Average
1332,166,173.0,2,Average
1333,162,192.5,2,Average
1334,165,188.3,2,Average
1335,170,141.6,2,Average
1336,167,144.3,2,Average
1316,164,206.2,2,Average
1337,163,144.1,2,Average
1315,162,218.8,2,Average
1313,166,213.1,2,Average
1294,162,265.9,2,Average
1295,165,246.1,2,Average
1296,167,238.0,2,Average
1297,162,248.8,2,Average
1298,161,240.8,2,Average
1299,165,227.7,2,Average
1300,168,221.1,2,Average
1301,164,237.1,2,Average
1302,169,231.6,2,Average
1303,161,232.2,2,Average
1304,161,245.0,2,Average
1305,161,244.0,2,Average
1306,165,242.0,2,Average
1307,167,238.7,2,Average
1308,165,228.1,2,Average
1309,160,245.5,2,Average
1310,162,203.7,2,Average
1311,165,217.9,2,Average
1312,169,220.0,2,Average
1314,162,218.4,2,Average
1338,160,149.9,2,Average
1339,167,147.7,2,Average
1340,163,110.5,2,Average
1365,158,153.8,2,Average
1366,154,169.1,2,Average
1367,153,167.8,2,Average
1368,152,157.5,2,Average
1369,160,179.1,2,Average
1370,152,193.8,2,Average
1371,160,175.9,2,Average
1372,157,193.3,2,Average
1373,151,150.9,2,Average
1374,157,174.6,2,Average
1375,153,189.8,2,Average
1376,152,188.5,2,Average
1377,152,179.8,2,Average
1378,160,116.6,2,Average
1379,159,133.8,2,Average
1380,153,102.0,2,Average
1381,151,107.7,2,Average
1382,154,127.7,2,Average
1383,157,124.9,2,Average
1364,157,186.3,2,Average
1363,151,198.6,2,Average
1362,153,238.3,2,Average
1361,154,236.7,2,Average
1341,165,126.6,2,Average
1342,168,128.4,2,Average
1343,156,276.0,2,Average
1344,157,261.2,2,Average
1345,157,264.6,2,Average
1346,159,244.1,2,Average
1347,156,241.9,2,Average
1348,154,242.8,2,Average
1349,151,248.3,2,Average
1293,163,263.7,2,Average
1350,158,258.9,2,Average
1352,151,249.4,2,Average
1353,152,229.2,2,Average
1354,156,215.7,2,Average
1355,159,213.8,2,Average
1356,152,201.3,2,Average
1357,156,220.1,2,Average
1358,158,230.3,2,Average
1359,157,208.1,2,Average
1360,160,227.3,2,Average
1351,151,252.8,2,Average
1292,161,272.9,2,Average
1291,168,268.6,2,Average
1290,169,280.7,2,Average
1224,181,222.8,2,Average
1225,187,238.0,2,Average
1226,186,228.7,2,Average
1227,182,222.5,2,Average
1228,185,226.3,2,Average
1229,187,237.1,2,Average
1230,186,216.2,2,Average
1231,181,211.9,2,Average
1232,186,215.4,2,Average
1233,188,215.7,2,Average
1234,187,213.6,2,Average
1235,187,244.4,2,Average
1236,188,256.0,2,Average
1237,188,251.2,2,Average
1238,189,242.3,2,Average
1239,185,265.9,2,Average
1240,172,290.9,2,Average
1241,170,299.3,2,Average
1242,171,293.7,2,Average
1223,186,236.1,2,Average
1222,188,233.8,2,Average
1221,182,247.0,2,Average
1220,186,246.2,2,Average
1200,196,282.6,2,Average
1201,198,279.2,2,Average
1202,196,266.9,2,Average
1203,195,288.0,2,Average
1204,192,260.6,2,Average
1205,198,276.5,2,Average
1206,192,281.7,2,Average
1207,191,268.4,2,Average
1208,191,293.6,2,Average
1243,180,293.7,2,Average
1209,199,287.2,2,Average
1211,188,290.6,2,Average
1212,184,257.6,2,Average
1213,188,272.4,2,Average
1214,184,275.2,2,Average
1215,188,273.6,2,Average
1216,190,292.6,2,Average
1217,188,272.3,2,Average
1218,182,298.9,2,Average
1219,181,290.5,2,Average
1210,189,267.8,2,Average
1384,159,148.7,2,Average
1244,171,298.6,2,Average
1246,175,252.1,2,Average
1271,185,289.3,2,Average
1272,181,272.2,2,Average
1273,173,273.2,2,Average
1274,188,288.6,2,Average
1275,172,175.1,2,Average
1276,175,189.1,2,Average
1277,171,172.6,2,Average
1278,178,191.4,2,Average
1279,178,191.6,2,Average
1280,177,182.5,2,Average
1281,172,194.6,2,Average
1282,179,174.2,2,Average
1283,176,172.9,2,Average
1284,174,175.7,2,Average
1285,175,162.5,2,Average
1286,174,166.0,2,Average
1287,178,162.5,2,Average
1288,174,166.1,2,Average
1289,174,167.4,2,Average
1270,178,271.5,2,Average
1269,174,275.4,2,Average
1268,173,282.6,2,Average
1267,187,279.7,2,Average
1247,172,264.9,2,Average
1248,178,267.7,2,Average
1249,175,269.2,2,Average
1250,178,212.3,2,Average
1251,173,228.6,2,Average
1252,174,205.4,2,Average
1253,173,243.0,2,Average
1254,180,230.1,2,Average
1255,174,218.7,2,Average
1245,175,260.2,2,Average
1256,173,241.5,2,Average
1258,179,236.7,2,Average
1259,171,214.1,2,Average
1260,171,247.9,2,Average
1261,171,244.7,2,Average
1262,172,236.3,2,Average
1263,177,244.7,2,Average
1264,174,249.3,2,Average
1265,176,276.5,2,Average
1266,171,287.5,2,Average
1257,174,242.5,2,Average
1385,155,144.1,2,Average
1386,154,143.9,2,Average
1387,153,114.9,2,Average
1507,134,197.6,2,Average
1508,139,192.4,2,Average
1509,137,195.1,2,Average
1510,136,153.9,2,Average
1511,133,168.1,2,Average
1512,138,160.9,2,Average
1513,138,159.1,2,Average
1514,134,157.6,2,Average
1515,132,157.3,2,Average
1516,138,152.9,2,Average
1517,136,150.6,2,Average
1518,134,164.0,2,Average
1519,139,163.6,2,Average
1520,138,151.5,2,Average
1521,138,150.8,2,Average
1522,133,152.4,2,Average
1523,133,159.6,2,Average
1524,138,150.1,2,Average
1525,135,145.6,2,Average
1506,135,191.7,2,Average
1505,136,192.8,2,Average
1504,135,190.6,2,Average
1503,139,191.5,2,Average
1483,147,145.5,2,Average
1484,149,148.0,2,Average
1485,144,142.9,2,Average
1486,148,132.9,2,Average
1487,143,137.6,2,Average
1488,149,139.4,2,Average
1489,142,145.5,2,Average
1490,140,117.5,2,Average
1491,140,121.4,2,Average
1526,130,130.5,2,Average
1492,145,100.8,2,Average
1494,150,103.0,2,Average
1495,149,108.4,2,Average
1496,144,116.3,2,Average
1497,147,121.2,2,Average
1498,144,128.8,2,Average
1499,150,112.9,2,Average
1500,133,171.2,2,Average
1501,137,181.4,2,Average
1502,137,192.2,2,Average
1493,147,106.5,2,Average
1482,141,149.1,2,Average
1527,138,130.2,2,Average
1529,136,130.7,2,Average
1554,129,175.8,2,Average
1555,126,172.7,2,Average
1556,122,172.9,2,Average
1557,128,172.7,2,Average
1558,124,173.5,2,Average
1559,129,162.1,2,Average
1560,125,153.5,2,Average
1561,122,147.9,2,Average
1562,128,140.8,2,Average
1563,127,151.9,2,Average
1564,121,142.6,2,Average
1565,124,153.1,2,Average
1566,129,144.2,2,Average
1567,124,141.5,2,Average
1568,128,155.5,2,Average
1569,130,151.7,2,Average
1570,127,142.6,2,Average
1571,128,154.8,2,Average
1572,125,149.8,2,Average
1553,127,172.9,2,Average
1552,120,170.5,2,Average
1551,126,163.0,2,Average
1550,124,178.9,2,Average
1530,136,135.0,2,Average
1531,138,148.8,2,Average
1532,134,137.9,2,Average
1533,132,133.4,2,Average
1534,134,141.8,2,Average
1535,133,137.5,2,Average
1536,136,138.7,2,Average
1537,134,136.4,2,Average
1538,140,141.8,2,Average
1528,134,143.7,2,Average
1539,138,146.9,2,Average
1541,140,105.3,2,Average
1542,131,109.8,2,Average
1543,138,115.6,2,Average
1544,134,119.0,2,Average
1545,132,108.8,2,Average
1546,139,112.6,2,Average
1547,139,127.0,2,Average
1548,138,104.8,2,Average
1549,139,113.6,2,Average
1540,132,105.1,2,Average
1574,123,141.7,2,Average
1481,145,146.9,2,Average
1479,148,140.6,2,Average
1412,177,176.7,2,Average
1413,180,174.2,2,Average
1414,174,189.9,2,Average
1415,173,166.9,2,Average
1416,171,173.1,2,Average
1417,176,168.0,2,Average
1418,171,171.1,2,Average
1419,177,151.5,2,Average
1420,179,173.2,2,Average
1421,176,176.0,2,Average
1422,172,169.4,2,Average
1423,190,171.0,2,Average
1424,182,194.9,2,Average
1425,180,191.9,2,Average
1426,181,174.1,2,Average
1427,189,186.5,2,Average
1428,184,189.8,2,Average
1429,187,190.5,2,Average
1430,180,174.5,2,Average
1411,178,192.9,2,Average
1410,171,165.3,2,Average
1409,176,161.0,2,Average
1408,170,193.9,2,Average
1388,157,146.2,2,Average
1389,158,134.6,2,Average
1390,159,140.2,2,Average
1391,151,129.8,2,Average
1392,160,109.5,2,Average
1393,158,123.1,2,Average
1394,159,128.5,2,Average
1395,159,149.4,2,Average
1396,151,133.0,2,Average
1431,188,198.4,2,Average
1397,156,141.1,2,Average
1399,154,123.9,2,Average
1400,159,130.6,2,Average
1401,157,136.0,2,Average
1402,151,108.7,2,Average
1403,153,122.4,2,Average
1404,158,149.3,2,Average
1405,157,115.6,2,Average
1406,153,142.1,2,Average
1407,154,107.2,2,Average
1398,156,143.2,2,Average
1480,148,144.2,2,Average
1432,190,197.5,2,Average
1434,195,199.1,2,Average
1459,143,178.2,2,Average
1460,143,168.9,2,Average
1461,149,166.8,2,Average
1462,144,167.2,2,Average
1463,147,169.5,2,Average
1464,149,163.9,2,Average
1465,145,169.2,2,Average
1466,144,153.5,2,Average
1467,150,164.4,2,Average
1468,141,160.4,2,Average
1469,149,153.9,2,Average
1471,143,163.9,2,Average
1472,149,169.4,2,Average
1473,146,154.0,2,Average
1474,145,153.8,2,Average
1475,145,143.4,2,Average
1476,142,135.4,2,Average
1477,148,137.2,2,Average
1478,141,130.6,2,Average
1458,146,198.3,2,Average
1457,142,171.8,2,Average
1456,149,189.7,2,Average
1455,142,182.3,2,Average
1435,195,204.7,2,Average
1436,190,190.7,2,Average
1437,197,201.1,2,Average
1438,188,215.7,2,Average
1439,184,203.1,2,Average
1440,187,203.0,2,Average
1441,188,203.1,2,Average
1442,187,216.1,2,Average
1443,175,134.5,2,Average
1433,195,187.3,2,Average
1444,173,168.7,2,Average
1446,173,126.0,2,Average
1447,178,130.8,2,Average
1448,154,205.3,2,Average
1449,153,200.3,2,Average
1450,141,186.6,2,Average
1451,147,192.2,2,Average
1452,145,183.4,2,Average
1453,145,195.2,2,Average
1454,142,179.4,2,Average
1445,176,161.2,2,Average
1319,160,217.8,2,Average
